date,log_return,action,turnover,return,equity,drawdown
2016-10-24,0.0,0,0,0.0,1.0,0.0
2016-10-25,0.0,0,0,0.0,1.0,0.0
2016-10-26,0.0,0,0,0.0,1.0,0.0
2016-10-27,0.0,0,0,0.0,1.0,0.0
2016-10-28,0.0,0,0,0.0,1.0,0.0
2016-10-31,0.0,0,0,0.0,1.0,0.0
2016-11-01,0.0,0,0,0.0,1.0,0.0
2016-11-02,0.0,0,0,0.0,1.0,0.0
2016-11-03,0.0,0,0,0.0,1.0,0.0
2016-11-04,0.0,0,0,0.0,1.0,0.0
2016-11-07,0.0,0,0,0.0,1.0,0.0
2016-11-08,0.0,0,0,0.0,1.0,0.0
2016-11-09,-0.001249913618159948,1,1,-0.0012491328014851977,0.9987508671985148,-0.0012491328014851977
2016-11-10,0.01013761114211306,1,0,0.01018917080526305,1.008927310376305,0.0
2016-11-11,-0.04183846002039453,1,0,-0.04097531111111119,0.9675861999451393,-0.04097531111111119
2016-11-14,-0.006522153826395797,1,0,-0.006500930746259459,0.9612959890682596,-0.047209864197530815
2016-11-15,-0.008183647446976678,1,0,-0.008150252563617566,0.9534611839689607,-0.05497534444444441
2016-11-16,0.00644581224832219,1,0,0.006466631203747131,0.9596268658127761,-0.04886421851851852
2016-11-17,0.015558123793268604,1,0,0.01567978150431748,0.9746736053943934,-0.03395061728395066
2016-11-18,0.005950291245090796,1,0,0.005968029392971141,0.9804904861199403,-0.028185206172839594
2016-11-21,-0.011589193880879714,1,0,-0.011522297846563112,0.9691929827031449,-0.039382745679012454
2016-11-22,0.01389861404137414,1,0,0.013995648805931848,0.9827574673142317,-0.02593828395061737
2016-11-23,0.0006715573757049137,1,0,0.0006717829208453541,0.9834176669961067,-0.0252839259259261
2016-11-25,-0.008790722747803723,1,0,-0.00875219731603516,0.9748106015304818,-0.03381483333333346
2016-11-28,-0.005458204800394631,1,0,-0.0054433358654375485,0.9695043800211621,-0.03907410370370401
2016-11-29,0.01280394981792812,1,0,0.012886271355136536,0.9819976765421082,-0.02669135185185212
2016-11-30,0.000912811647264236,1,0,0.0009132283866077895,0.9828944646959094,-0.02580249876543239
2016-12-01,-0.013459825238427418,1,0,-0.013369646839274552,0.9697535128226473,-0.038827175308642214
2016-12-02,-0.021617854895004944,1,0,-0.021385863793758064,0.9490144962839038,-0.059382686419753306
2016-12-05,0.010575169868569172,1,0,0.010631284610643332,0.9591037394935242,-0.049382716049383046
2016-12-06,0.01314696747981133,1,0,0.013233768831169002,0.9717962966670912,-0.036802466666666867
2016-12-07,-0.0003076518770614804,1,0,-0.0003076045570755692,0.9714973676976874,-0.03709875061728407
2016-12-08,0.01653035262749326,1,0,0.0166677348547819,0.987690028234591,-0.021049367901234683
2016-12-09,0.007976146540864088,1,0,0.00800804073889072,0.9955994902180897,-0.013209891358024972
2016-12-12,0.006882329010088895,1,0,0.006906066661920285,1.0024751666661096,-0.006395053086419966
2016-12-13,0.009361880258296082,1,0,0.009405839733305665,1.0119042874203898,0.0
2016-12-14,0.004335751219664786,1,0,0.004345164188163997,1.0163011776919386,0.0
2016-12-15,0.001763325824515041,1,0,0.0017648813976898214,1.0180948287348974,0.0
2016-12-16,0.0011616195402489706,1,0,0.00116229448154348,1.019278154736024,0.0
2016-12-19,-0.011096236155728755,1,0,-0.011034900003751291,1.0080305222225037,-0.011034900003751402
2016-12-20,0.005041105107004299,1,0,0.005053832855672846,1.013124939995233,-0.0060368356882765095
2016-12-21,0.002885018849805231,1,0,0.0028891845217378087,1.0160520448904538,-0.0031650926987694117
2016-12-22,-0.008148634121525604,1,0,-0.008115523997634266,1.0078062501372997,-0.011254930310652278
2016-12-23,-0.0013480420929868992,1,0,-0.0013471338923880527,1.0064486001807793,-0.012586902304962289
2016-12-27,0.0008288330318258739,1,0,0.0008291766088392993,1.0072831238180484,-0.011768162461091913
2016-12-28,0.005733672061764207,1,0,0.005750141020244071,1.013075143827314,-0.006085690034548397
2016-12-29,-0.013616936406419079,1,0,-0.01352464531012143,0.9993736618345493,-0.019528028545485188
2016-12-30,0.0010962107038720705,1,0,0.0010968117624345908,1.0004697866219168,-0.018452635354456515
2017-01-03,-0.003229805183923019,1,0,-0.0032245949739904134,0.9972436767763465,-0.021617728053226037
2017-01-04,0.01151203323105326,1,0,0.011578551694802375,1.0087903142402164,-0.010289478340211988
2017-01-05,-0.0029553993995802964,1,0,-0.0029510365058642574,1.005813337196131,-0.013210150219868044
2017-01-06,0.009232775860035292,1,0,0.009275529411764794,1.015142788388039,-0.004057151945001558
2017-01-09,0.013866778106174949,1,0,0.013963367820014616,1.0293176005321365,0.0
2017-01-10,0.000846734131237472,1,0,0.0008470927117822935,1.0301895279696567,0.0
2017-01-11,-0.0005442519584250536,1,0,-0.0005441038801931031,1.029628997850154,-0.0005441038801931031
2017-01-12,0.0021269011039043956,1,0,0.002129164562490349,1.031821247424889,0.0
2017-01-13,0.0031578025157097565,1,0,0.0031627936263383116,1.0350846850897648,0.0
2017-01-17,-0.0012040940648045638,1,0,-0.001203369434416346,1.0338390958176953,-0.001203369434416346
2017-01-18,-0.0002410073531921351,1,0,-0.0002409783132529819,1.0335899630162102,-0.001444057761732731
2017-01-19,-0.0009645383021564143,1,0,-0.0009640732846093458,1.032593506545626,-0.002406738868832581
2017-01-20,0.00010859120870697799,1,0,0.00010859710494570685,1.0327056432110227,-0.0022984031287602846
2017-01-23,0.0030348165422798565,1,0,0.0030394262600388355,1.0358444758618883,0.0
2017-01-24,0.01831349512279302,1,0,0.018482215554446402,1.0549891767456505,0.0
2017-01-25,0.007727050758756672,1,0,0.007756981457814449,1.0631727082278613,0.0
2017-01-26,0.006423004771225443,1,0,0.0064436765008777375,1.0700234492242438,0.0
2017-01-27,-5.819155480137672e-05,1,0,-5.818986170569307e-05,1.0699611847077115,-5.818986170569307e-05
2017-01-30,-0.02587317186549881,1,0,-0.025541329452852257,1.0426329535873278,-0.025598033068129356
2017-01-31,-0.021201351934872284,1,0,-0.020978183215010104,1.0207604084609656,-0.04603921605549244
2017-02-01,0.005476131725587225,1,0,0.005491153142159755,1.0263655601852784,-0.04080087129923826
2017-02-02,-0.010982416668609041,1,0,-0.01092233009708743,1.0151552567366529,-0.0512775608117465
2017-02-03,0.009926039724149674,1,0,0.009975466257668764,1.0252819037465244,-0.04181361213173085
2017-02-06,-0.0026885111125790114,1,0,-0.0026849003032030083,1.0225291240522867,-0.04438624705504346
2017-02-07,0.0055636215077493325,1,0,0.005579127192473221,1.0282339440933825,-0.039054756380486944
2017-02-08,0.006074822775795227,1,0,0.0060933119321624485,1.0344992942539812,-0.03319941726138542
2017-02-09,0.001443758740435827,1,0,0.001444801461838452,1.0359939403465903,-0.03180258236613831
2017-02-10,0.0014657858859392814,1,0,0.0014668606751437885,1.037513599117372,-0.03038237164843538
2017-02-13,0.00568642472234811,1,0,0.0057026231245194126,1.0434301481597021,-0.024853007739056077
2017-02-14,0.00246801315222164,1,0,0.002471061203709324,1.0460085279176001,-0.02244335983856638
2017-02-15,-0.0011438502715143727,1,0,-0.0011431963241556042,1.0448127348134493,-0.0235608989962528
2017-02-16,-0.000369637102144751,1,0,-0.0003695687947676829,1.0444266046302864,-0.02392176041797478
2017-02-17,0.003345617211954833,1,0,0.0033512200357781463,1.0479267079936232,-0.020650707465000417
2017-02-21,0.007908633001731058,1,0,0.007939988845823809,1.0562472343663334,-0.012874685006107112
2017-02-22,1.1804314953691737e-05,1,0,1.180438462489164e-05,1.056259702714947,-0.01286303259921584
2017-02-23,0.0036255153882343463,1,0,0.003632095518868006,1.0600961388479386,-0.009277656843410642
2017-02-24,-0.004038308122602868,1,0,-0.004030165121360119,1.0558237763638652,-0.013270431475752464
2017-02-27,-0.003190374846678061,1,0,-0.0031852910087335484,1.0524606703822061,-0.01641345229842439
2017-02-28,0.0028363359049268276,1,0,0.0028403621112675914,1.0554500397939592,-0.013619710335180168
2017-03-01,0.004744764154010388,1,0,0.004756038371564131,1.0604698006824882,-0.00892844782857971
2017-03-02,0.0057738895087416624,1,0,0.005790590536595808,1.0666105470746658,-0.0031895582774865705
2017-03-03,-0.008643942986740441,1,0,-0.0086066915220111,1.0574305591218707,-0.011768798255311852
2017-03-06,-0.0024531407702045533,1,0,-0.002450134279336269,1.0548397122609483,-0.01419009739861632
2017-03-07,0.0004722510903773588,1,0,0.00047236261847927175,1.0553379791095079,-0.013724437651700727
2017-03-08,0.0068925865774811,1,0,0.006916395121729035,1.0626371135599963,-0.006902966163594315
2017-03-09,0.0006679208842142385,1,0,0.0006681439930382727,1.063347108164201,-0.0062394343459323265
2017-03-10,0.010498887418687921,1,0,0.010554194120689697,1.0745698799614398,0.0
2017-03-13,-0.0021699601426261503,1,0,-0.002167607481150746,1.0722406342506163,-0.002167607481150524
2017-03-14,0.0033863152321547086,1,0,0.0033920552749497905,1.0758777337500416,0.0
2017-03-15,0.00483921506961106,1,0,0.004850942981186712,1.0810967552911914,0.0
2017-03-16,0.0029796647282840745,1,0,0.0029841083416271012,1.0843228651367618,0.0
2017-03-17,0.003611912997611292,1,0,0.003618443815911032,1.0882464265025669,0.0
2017-03-20,-0.004818859074975971,1,0,-0.004807267001248561,1.0830149353672145,-0.00480726700124845
2017-03-21,0.0006668636867566128,1,0,0.0006670860897797226,1.0837373995656217,-0.004143387772415186
2017-03-22,-0.023937798458883868,1,0,-0.02365356187769474,1.0581031499258242,-0.027698943771051754
2017-03-23,-0.009569070070495466,1,0,-0.009523432206136273,1.0480263763104063,-0.036958586964003004
2017-03-24,0.0007247102825394006,1,0,0.0007249729484846146,1.0487861670825298,-0.036260407991281385
2017-03-27,-0.016658137506686457,1,0,-0.016520157957244708,1.0314600539389531,-0.052181538280915984
2017-03-28,0.013910901749671264,1,0,0.014008108565229715,1.0459088583552276,-0.03890439436902615
2017-03-29,0.003637575628858423,1,0,0.0036441996364271483,1.0497203590365818,-0.03540197011241386
2017-03-30,0.010892674786489202,1,0,0.010952215959655787,1.0612171231059977,-0.024837484174826674
2017-03-31,-0.006063042700887251,1,0,-0.006044699547987031,1.0548023844416428,-0.030732048593449024
2017-04-03,0.0022646926731336565,1,0,0.0022672590265537806,1.0571938946689987,-0.028534467081473003
2017-04-04,-0.000884043081002808,1,0,-0.0008836524300441795,1.0562597027149465,-0.02939290496034075
2017-04-05,0.007881620063048878,1,0,0.007912761792452816,1.064617634133497,-0.021712722223227177
2017-04-06,-0.006114314742965189,1,0,-0.006095660359531796,1.0581280866230507,-0.02767602920260559
2017-04-07,-0.005311313754812862,1,0,-0.005297233666862855,1.052522934898738,-0.03282665647581129
2017-04-10,-0.0041031068333930104,1,0,-0.004094700591715905,1.0482131686144136,-0.03678694173783148
2017-04-11,0.00019014995061071997,1,0,0.00019016803025850848,1.04841250524798,-0.036603769407822506
2017-04-12,-0.00385676834418188,1,0,-0.003849340565293957,1.0443768084623675,-0.040312209598692306
2017-04-13,0.003072292979275542,1,0,0.003077017308286134,1.0475903739783787,-0.03735923365707672
2017-04-17,0.0004042117997473104,1,0,0.00040429350434512124,1.0480139079617927,-0.036970044248226364
2017-04-18,0.013176696163565382,1,0,0.013263891385201232,1.0619146506071782,-0.024196519514439796
2017-04-19,0.0056728053503026,1,0,0.005688926179600041,1.0679558046635182,-0.018645245548160605
2017-04-20,0.002737097902042399,1,0,0.0027408471744332363,1.07088290831315,-0.015955502142304567
2017-04-21,0.0010230475998347622,1,0,0.001023571091534281,1.0719790331005172,-0.014948262641514165
2017-04-24,0.009045447044038877,1,0,0.009086480729511681,1.0817195499272259,-0.005997609012434069
2017-04-25,0.01578830751236289,1,0,0.015913601363563012,1.0989336036319404,0.0
2017-04-26,0.010295250487521971,1,0,0.010348428917230423,1.1103058399138814,0.0
2017-04-27,-0.0015605962427161085,1,0,-0.0015593791456144368,1.108574452141866,-0.0015593791456143258
2017-04-28,0.04288727608765295,1,0,0.043820224719101075,1.1571524337525767,0.0
2017-05-01,-0.00523431671533929,1,0,-0.00522064155005375,1.1511113556771821,-0.005220641550053751
2017-05-02,0.009820147381454529,1,0,0.009868523251804762,1.162471124856099,0.0
2017-05-03,0.0029743115544954932,1,0,0.002978739207758929,1.1659338231735954,0.0
2017-05-04,0.015098296983886272,1,0,0.015212852072596927,1.1836710019519727,0.0
2017-05-05,0.006743559330317151,1,0,0.006766348324048099,1.1916801322522548,0.0
2017-05-08,-0.009736559567453078,1,0,-0.009689312736213318,1.1801335707693306,-0.009689312736213429
2017-05-09,0.014543582226972863,1,0,0.01464985468805935,1.197422356093602,0.0
2017-05-10,-0.005329778236324296,1,0,-0.005315600168136703,1.1910573376162201,-0.005315600168136703
2017-05-11,-0.0051690466722206846,1,0,-0.0051557101394192895,1.1849165912240425,-0.010443904613872013
2017-05-12,0.006872229355367156,1,0,0.006895897309663335,1.1930876543576399,-0.003620027397937764
2017-05-15,-0.0026762281793148617,1,0,-0.0026726502731571067,1.1898989483123206,-0.006283002603880927
2017-05-16,0.008609431914303581,1,0,0.008646599661071619,1.2001875281555072,0.0
2017-05-17,-0.004003620062493822,1,0,-0.0039956162606480375,1.1953920393521822,-0.003995616260647927
2017-05-18,-0.01734238618168197,1,0,-0.01719287255776336,1.1748398163630351,-0.021119792697252393
2017-05-19,0.010147653985656922,1,0,0.010199316027998506,1.1868223789323975,-0.011135884109418903
2017-05-22,0.004377375521489952,1,0,0.004386970224482312,1.1920289333705232,-0.0067977666769479805
2017-05-23,0.013451464762146351,1,0,0.013542342737721924,1.208171797739508,0.0
2017-05-24,0.0054492561538531025,1,0,0.005464130355673502,1.214773405934405,0.0
2017-05-25,0.0038275301615564835,1,0,0.00383486450961934,1.2194318973560523,0.0
2017-05-26,0.013191464754362503,1,0,0.013278855975485282,1.235624557892956,0.0
2017-05-30,0.000503905276472671,1,0,0.0005040322580645018,1.2362473525289908,0.0
2017-05-31,0.0037310882561034093,1,0,0.0037380574307304126,1.2408685161313326,0.0
2017-06-01,-0.005283908370810487,1,0,-0.005269973082041579,1.2343291724529677,-0.005269973082041579
2017-06-02,-0.0023944796279007255,1,0,-0.00239161514832531,1.2313771321061093,-0.007648984482912624
2017-06-05,0.009363352008842151,1,0,0.009407325327994709,1.2429610973892844,0.0
2017-06-06,0.0054167461694558565,1,0,0.00543144326381495,1.2497121700688836,0.0
2017-06-07,-0.004214919291668564,1,0,-0.00420604898626753,1.2444558194628392,-0.004206048986267419
2017-06-08,0.005131446060233234,1,0,0.005144634478470245,1.2508580897785806,0.0
2017-06-09,0.001253916151406462,1,0,0.0012547026329567945,1.2524275447172812,0.0
2017-06-12,-0.04763122271692689,1,0,-0.046514654014606416,1.1941713107963938,-0.04651465401460653
2017-06-13,0.01379790204418873,1,0,0.013893532421262123,1.2107625686194845,-0.03326737444696015
2017-06-14,0.003553226818897247,1,0,0.0035595470127876006,1.215072334903809,-0.029826244217508457
2017-06-15,-0.02857453988766902,1,0,-0.02817014864172218,1.1808435666191244,-0.05715618312619908
2017-06-16,0.010378179475573047,1,0,0.010432219564308287,1.193162385977196,-0.04732022941372116
2017-06-19,0.01218140674237842,1,0,0.012255902256902429,1.207785667556345,-0.035644279263287504
2017-06-20,0.00582016073673515,1,0,0.0058371307790530125,1.214835670450937,-0.03001520880381947
2017-06-21,-0.004645216775606188,1,0,-0.004634444442555563,1.2092055820293977,-0.03451054942874188
2017-06-22,0.00624342732755227,1,0,0.006262958145206499,1.2167787859785977,-0.02846372941017583
2017-06-23,-0.0014034176189638987,1,0,-0.0014024332889864821,1.2150723349038088,-0.02982624421750868
2017-06-26,0.014754783065469778,1,0,0.01486417221937475,1.2331333793488168,-0.015405414428840136
2017-06-27,-0.029106404306095464,1,0,-0.02868689292929294,1.1977586141279002,-0.04365037388388149
2017-06-28,-0.011442087005094298,1,0,-0.011376875283948595,1.1841318637546918,-0.05453064430805554
2017-06-29,0.0007255514416549286,1,0,0.0007258147177717778,1.1849913240891876,-0.05384440873449203
2017-06-30,-0.007766440983380243,1,0,-0.007736360104769635,1.1758238044850058,-0.06116420910366338
2017-07-03,-0.011474621800211896,1,0,-0.011409039411530264,1.162408784358621,-0.07187542364295474
2017-07-05,-0.009712429055140187,1,0,-0.009665415743658534,1.1511736201937142,-0.08084613353535253
2017-07-06,0.0008652260920566411,1,0,0.0008656005081288942,1.1521700766642984,-0.08005051348149217
2017-07-07,0.00645478782714084,1,0,0.00647566486486495,1.1596311439481022,-0.07409322891419368
2017-07-10,0.011703682011347092,1,0,0.011772438068856195,1.173282829772948,-0.06319304879405141
2017-07-11,0.00905701695438979,1,0,0.009098155837169886,1.183957539799298,-0.05466983316263563
2017-07-12,0.010819476859696335,1,0,0.010878219061603689,1.1968368892768722,-0.04438632452223645
2017-07-13,0.010291760326507544,1,0,0.01034490264468646,1.2092180503780108,-0.034500594083488045
2017-07-14,0.003290842151028281,1,0,0.003296262916723469,1.2132039509957044,-0.03131805419564693
2017-07-17,0.002379105055550219,1,0,0.002381937371663368,1.2160937268260308,-0.029010714467679888
2017-07-18,-0.0030364206294283347,1,0,-0.0030318153666597514,1.212406755177741,-0.03195457470441876
2017-07-19,0.016961066119972827,1,0,0.017105721682199482,1.2331458476974302,-0.015395459083586083
2017-07-20,0.007035715773208642,1,0,0.007060524569847626,1.2418525042533035,-0.008443634530862165
2017-07-21,-0.00805643833912618,1,0,-0.008024072216649913,1.2318877900767473,-0.01639995441426556
2017-07-24,0.00514344945294656,1,0,0.005156699696663214,1.2382402654701592,-0.011327824357555638
2017-07-25,-0.023820307995265296,1,0,-0.023538843743015958,1.2090935213449465,-0.034600024213070735
2017-07-26,0.0021405085211071632,1,0,0.002142801044902054,1.211684368205869,-0.032531364136206053
2017-07-27,-0.0037076356703794446,1,0,-0.0037007708759202447,1.2072002019852048,-0.03611174388717697
2017-07-28,-0.022106402803576584,1,0,-0.021863846914966123,1.180806161573284,-0.05718604916196146
2017-07-31,0.012589341334337447,1,0,0.012668920691873531,1.1957657011867315,-0.045241613991602536
2017-08-01,-0.012779226345077171,1,0,-0.012697918750000037,1.1805819654690257,-0.0573650584030182
2017-08-02,0.0005906580792416242,1,0,0.0005908325520744828,1.1812794917246168,-0.05680811899479998
2017-08-03,0.0007694256532856956,1,0,0.0007697217371369636,1.1821887482270315,-0.05608212370169907
2017-08-04,-0.00544093049574209,1,0,-0.005426155442237568,1.1757740083170873,-0.06120396882320045
2017-08-07,0.0037748546673702964,1,0,0.003781988404699677,1.1802207719830897,-0.05765345311891179
2017-08-08,-0.003414766960856376,1,0,-0.0034089432748872772,1.1761974663195558,-0.06086585904251518
2017-08-09,-0.006203708170802584,1,0,-0.006184504904276356,1.168923267320705,-0.06667393874304017
2017-08-10,-0.0036830616006142693,1,0,-0.0036762874483292625,1.1646259693849939,-0.0701051136272377
2017-08-11,-0.012148335905959113,1,0,-0.012074842780748662,1.150563293906293,-0.08133344818281096
2017-08-14,0.016491837892041068,1,0,0.016628578919976267,1.1696955264414417,-0.06605732892477634
2017-08-15,0.00208501959740198,1,0,0.00208719476225383,1.1721369088176619,-0.064108008673463
2017-08-16,0.00023372824193241718,1,0,0.0002337555585061324,1.1724109023354283,-0.06388923871832886
2017-08-17,0.0018044925702902252,1,0,0.001806121646746428,1.1745284190450178,-0.062198508808625874
2017-08-18,-0.01708130289975154,1,0,-0.016936244548242385,1.154636318511211,-0.0780813442011492
2017-08-21,-0.0013061235158674431,1,0,-0.0013052709077923108,1.1531292053155777,-0.0792846978019146
2017-08-22,0.0012845931535264974,1,0,0.0012854185967265952,1.154611459040519,-0.07810119323017839
2017-08-23,0.010772843816121253,1,0,0.010831079832696489,1.167117147929133,-0.06811603365638685
2017-08-24,0.007135656632866481,1,0,0.007161176093916755,1.1754750793476834,-0.0614426484743027
2017-08-25,-0.0047798190707434305,1,0,-0.004768413914332692,1.1698699276233706,-0.065918078408717
2017-08-28,-0.007835063403946784,1,0,-0.007804449301329951,1.1607397370840835,-0.07320807340906499
2017-08-29,-0.012884722612308882,1,0,-0.012802069940324512,1.1458798657874192,-0.08507292847341019
2017-08-30,0.016943498256604364,1,0,0.01708785346480335,1.165460493022263,-0.0694387887441823
2017-08-31,0.011296798792325178,1,0,0.011360848582443017,1.1787011132123084,-0.05886682372641017
2017-09-01,0.011734727849892605,1,0,0.011803849880213768,1.1926143242063074,-0.04775782899638781
2017-09-05,-0.011143127536850305,1,0,-0.011081272855919089,1.1793986394678997,-0.05830988431819173
2017-09-06,-0.003162791645656367,1,0,-0.003157795289025822,1.1756743400003045,-0.06128354892921395
2017-09-07,0.00040252209196134787,1,0,0.00040260311484940914,1.1761476701516371,-0.06090561876205247
2017-09-08,0.005755196291909613,1,0,0.005771789250728077,1.1829361466314872,-0.055485363907004204
2017-09-11,-0.0026358810858158298,1,0,-0.002632410201549029,1.1798221734513135,-0.057971713870567654
2017-09-12,-0.00029568243065848405,1,0,-0.0002956387209167577,1.179473372333045,-0.05825021390814633
2017-09-13,-0.0015007062694894378,1,0,-0.001499580772919451,1.177704656741724,-0.059662443780270746
2017-09-14,0.0005286809533661568,1,0,0.0005288207297726721,1.1783274513777588,-0.05916517378755792
2017-09-15,-0.006266924969553124,1,0,-0.006247328752642778,1.1709660524107381,-0.0650428782488427
2017-09-18,-0.005418408968592884,1,0,-0.0054037558681601094,1.1646384377336074,-0.07009515828198354
2017-09-19,-0.0017127170611394187,1,0,-0.0017112511982625422,1.1626454488114932,-0.07168645905664361
2017-09-20,0.004617521707903963,1,0,0.004628198888978252,1.1680264031859582,-0.06739003935782606
2017-09-21,0.011029589168181928,1,0,0.011090639333083852,1.1809805627552128,-0.05704679864590223
2017-09-22,-0.005669257269201466,1,0,-0.005653217355989004,1.1743042229407594,-0.0623775180496825
2017-09-25,-0.003527761246514917,1,0,-0.003521546007583143,1.1701688565927744,-0.06567939875761486
2017-09-26,-0.0029422238963489142,1,0,-0.0029378997974827126,1.1667310177459698,-0.06842433906278889
2017-09-27,0.006438131692239439,1,0,0.006458901010026885,1.174266817894919,-0.062407384085445106
2017-09-28,0.014228866931892237,1,0,0.014330579102727947,1.1910947414164708,-0.04897113893694782
2017-09-29,0.010144449071772456,1,0,0.010196078431372602,1.2032392368191485,-0.0392743740790501
2017-10-02,0.009940105927474699,1,0,0.0099896728778468,1.215259203188762,-0.02967703935073518
2017-10-03,-0.008326503722117056,1,0,-0.008291934403724333,1.2051823535923982,-0.037722893690866566
2017-10-04,0.004331434264746345,1,0,0.004340828484726167,1.2104138434821614,-0.03354581381760002
2017-10-05,0.0010593382558175708,1,0,0.001059899552771304,1.2116967605735365,-0.03252146945789125
2017-10-06,0.007384362726177975,1,0,0.007411694366777244,1.2206774866281216,-0.02535081428309438
2017-10-09,0.015190165493975238,1,0,0.015306122448979664,1.2393613257091642,-0.010432714501713125
2017-10-10,0.0003014500367587612,1,0,0.0003014954773870038,1.239734987543714,-0.010134364440565258
2017-10-11,-0.006309433740472048,1,0,-0.006289571059454269,1.2319375862446662,-0.01636019469472816
2017-10-12,0.014853198444150216,1,0,0.014964055376131657,1.2503723685051693,-0.00164095417797272
2017-10-13,0.0052360664784001625,1,0,0.005249798631510538,1.2569365716542265,0.0
2017-10-16,0.0005151926588645349,1,0,0.0005153253933960489,1.257584302987488,0.0
2017-10-17,-0.0021714703534732285,1,0,-0.0021691144173155985,1.254856458744888,-0.0021691144173155985
2017-10-18,0.0035769212300684034,1,0,0.003583326047043256,1.259353018578809,0.0
2017-10-19,-0.00625062858357882,1,0,-0.006231134043591879,1.2515058211118424,-0.00623113404359199
2017-10-20,0.0022864986735873856,1,0,0.0022891147051504745,1.254370661490531,-0.0039562831190104175
2017-10-23,-0.0018586300333288369,1,0,-0.0018569038501393687,1.2520414157797073,-0.005805840531793893
2017-10-24,-0.01875857650689899,1,0,-0.018583729411733252,1.2287738168965738,-0.024281675774076583
2017-10-25,-0.0002331543958091407,1,0,-0.00023312721743529163,1.2284873562757834,-0.02450914227200396
2017-10-26,0.012293907225607047,1,0,0.012369787941034494,1.2436834843611568,-0.012442527223490929
2017-10-27,0.03205069665699058,1,0,0.03256985181780703,1.2841900711550538,0.0
2017-10-30,-0.0017765273984589837,1,0,-0.0017749503077134632,1.2819106975930945,-0.0017749503077134632
2017-10-31,0.0037242215686389512,1,0,0.003731165098857625,1.2866937180478062,0.0
2017-11-01,0.00320873420750985,1,0,0.0032138877057115156,1.290829007169256,0.0
2017-11-02,0.0035351637619492797,1,0,0.0035414198232559535,1.295400374603679,0.0
2017-11-03,0.0026503659879567633,1,0,0.0026538813128382803,1.2988382134504837,0.0
2017-11-06,-0.0010005003335835344,0,1,-0.0010000000000000009,1.2975393752370332,-0.0010000000000000009
2017-11-07,0.0,0,0,0.0,1.2975393752370332,-0.0010000000000000009
2017-11-08,0.0,0,0,0.0,1.2975393752370332,-0.0010000000000000009
2017-11-09,0.0,0,0,0.0,1.2975393752370332,-0.0010000000000000009
2017-11-10,0.0,0,0,0.0,1.2975393752370332,-0.0010000000000000009
2017-11-13,0.0,0,0,0.0,1.2975393752370332,-0.0010000000000000009
2017-11-14,0.0,0,0,0.0,1.2975393752370332,-0.0010000000000000009
2017-11-15,0.0,0,0,0.0,1.2975393752370332,-0.0010000000000000009
2017-11-16,0.0,0,0,0.0,1.2975393752370332,-0.0010000000000000009
2017-11-17,0.0,0,0,0.0,1.2975393752370332,-0.0010000000000000009
2017-11-20,0.0,0,0,0.0,1.2975393752370332,-0.0010000000000000009
2017-11-21,0.0,0,0,0.0,1.2975393752370332,-0.0010000000000000009
2017-11-22,0.0,0,0,0.0,1.2975393752370332,-0.0010000000000000009
2017-11-24,0.0,0,0,0.0,1.2975393752370332,-0.0010000000000000009
2017-11-27,0.0,0,0,0.0,1.2975393752370332,-0.0010000000000000009
2017-11-28,0.0,0,0,0.0,1.2975393752370332,-0.0010000000000000009
2017-11-29,0.0,0,0,0.0,1.2975393752370332,-0.0010000000000000009
2017-11-30,0.0,0,0,0.0,1.2975393752370332,-0.0010000000000000009
2017-12-01,0.0,0,0,0.0,1.2975393752370332,-0.0010000000000000009
2017-12-04,0.0,0,0,0.0,1.2975393752370332,-0.0010000000000000009
2017-12-05,0.0,0,0,0.0,1.2975393752370332,-0.0010000000000000009
2017-12-06,0.0,0,0,0.0,1.2975393752370332,-0.0010000000000000009
2017-12-07,0.01804910774436605,1,1,0.01821297730466731,1.3211714304301374,0.0
2017-12-08,0.015077888730381999,1,0,0.015192133562766053,1.3412428432605428,0.0
2017-12-11,-0.0006658113586956664,1,0,-0.0006655897554976864,1.340350125764434,-0.0006655897554976864
2017-12-12,-0.0010565702044961034,1,0,-0.0010560122307277098,1.3389346996381692,-0.0017208991153029318
2017-12-13,0.0019789510602248993,1,0,0.001980910476190534,1.3415870094116176,0.0
2017-12-14,0.0032359893745767415,1,0,0.0032412308404439205,1.3459354026016614,0.0
2017-12-15,0.00782352527997523,1,0,0.007854209020021097,1.356506660581141,0.0
2017-12-18,0.011839914520994716,1,0,0.011910283756605411,1.3726630398263877,0.0
2017-12-19,0.0060849091306956074,1,0,0.006103459797546895,1.3810410335055465,0.0
2017-12-20,-0.00194088246172585,1,0,-0.0019390001673283974,1.378363194710492,-0.0019390001673283974
2017-12-21,-0.005129170641078019,1,0,-0.005116038906574305,1.371311434978963,-0.00704511907360672
2017-12-22,-0.00502475195928063,1,0,-0.005012149010886979,1.364438217726515,-0.012021956897897423
2017-12-26,-0.0012718224420937851,1,0,-0.001271014018691674,1.362703997624146,-0.01327769084083985
2017-12-27,-0.0019108293487628747,1,0,-0.0019090048766328138,1.3601025890472744,-0.015161348540907005
2017-12-28,-0.004086696670174309,1,0,-0.004078357489106121,1.354555604467281,-0.019177872630646298
2017-12-29,-0.006384195408550316,1,0,-0.006363859731701504,1.345935402601661,-0.025419687070973973
2018-01-02,-0.0023428592874484996,1,0,-0.0023401169346950468,1.3427857563730272,-0.027700318965479642
2018-01-03,0.019662622019634115,1,0,0.019857204614210477,1.369449727890374,-0.008393165252845503
2018-01-04,0.021336321532885245,1,0,0.02156556836614998,1.3989826896211992,0.0
2018-01-05,0.005780402036545983,1,0,0.005797140797111355,1.4070927892456548,0.0
2018-01-08,0.006818919751642627,1,0,0.006842221519116176,1.4167204298076246,0.0
2018-01-09,0.00667429382741407,1,0,0.00669661656165621,1.4262076633011112,0.0
2018-01-10,-0.010281150758407244,1,0,-0.010228480386503036,1.4116197261899552,-0.010228480386503147
2018-01-11,0.004785333271992013,1,0,0.004796801264679296,1.4183909854777896,-0.005480743109477437
2018-01-12,-0.001988907261701535,1,0,-0.0019869306962726485,1.4155727408894272,-0.007456783949027601
2018-01-16,0.026850127268276607,1,0,0.027213839882111568,1.454095910801474,0.0
2018-01-17,-0.003470048700344311,1,0,-0.003464035039262847,1.4490588716160089,-0.003464035039262847
2018-01-18,0.002627744986612744,1,0,0.0026312005345734413,1.4528716360936333,-0.0008419490755364745
2018-01-19,-0.0011591804133723386,1,0,-0.0011585088232800578,1.4511884714841254,-0.001999482493383775
2018-01-22,0.005074767832419636,1,0,0.005087666276335279,1.458571634131102,0.0
2018-01-23,0.02316002800283329,1,0,0.023430303951003095,1.4927464108531048,0.0
2018-01-24,0.01219236121639682,1,0,0.012266991048619502,1.5110579177128987,0.0
2018-01-25,-0.0036099605135648445,1,0,-0.0036034524397619005,1.5056128923726948,-0.0036034524397617895
2018-01-26,0.005759624769833308,1,0,0.005776243298755368,1.514309678752782,0.0
2018-01-29,0.00039567675457210486,1,0,0.00039575504494471225,1.5149089744477573,0.0
2018-01-30,-0.008690879589589038,1,0,-0.008653223063973092,1.501800129170246,-0.008653223063973092
2018-01-31,0.005157759099889125,1,0,0.005171083237069275,1.5095660626436267,-0.0035268863636366277
2018-02-01,-0.0066277629153065004,1,0,-0.00660584773760553,1.4995940990839463,-0.010109436026936147
2018-02-02,-0.04217846206771322,1,0,-0.04130132604274983,1.4376588742658967,-0.05099322895622904
2018-02-05,-0.02406731754117866,1,0,-0.02378000918351586,1.4034713330330906,-0.0735606186868687
2018-02-06,-0.0010005003335835344,0,1,-0.0010000000000000009,1.4020678617000575,-0.07448705806818179
2018-02-07,0.0,0,0,0.0,1.4020678617000575,-0.07448705806818179
2018-02-08,0.0,0,0,0.0,1.4020678617000575,-0.07448705806818179
2018-02-09,0.0,0,0,0.0,1.4020678617000575,-0.07448705806818179
2018-02-12,0.028571209379029315,1,1,0.028983281486220314,1.4427043891984932,-0.047662655953032096
2018-02-13,-0.006332331261050657,1,0,-0.006312324303952677,1.4335975712191364,-0.05367411811542144
2018-02-14,0.004105793966216924,1,0,0.0041142342857143355,1.439495727498563,-0.049780711726713056
2018-02-15,0.027254390821279735,1,0,0.02762918894830424,1.4792678269438975,-0.023526923468687233
2018-02-16,0.00912347135992858,1,0,0.009165217083479282,1.492825637702445,-0.01457733574610487
2018-02-20,-0.0005672052223262291,1,0,-0.0005670443918535106,1.4919791392965707,-0.01513611414147531
2018-02-21,0.01484223889486071,1,0,0.014952931888494003,1.5142886017455262,-0.00040951153679535945
2018-02-22,0.009038524474719827,1,0,0.009079495282578565,1.528037577961537,0.0
2018-02-23,-0.00045580762707931433,1,0,-0.00045570376256420797,1.5273412454879205,-0.00045570376256409695
2018-02-26,0.011730713131403184,1,0,0.011799787780744087,1.5453635480534553,0.0
2018-02-27,0.01040629399319456,1,0,0.010460627778090315,1.5615290209114714,0.0
2018-02-28,-0.019155770861125614,1,0,-0.01897346500804398,1.5319014046741624,-0.018973465008043977
2018-03-01,-0.011167256934359732,1,0,-0.01110513458110518,1.5148894334102718,-0.02986789670676493
2018-03-02,-0.04758413940434385,1,0,-0.046469759709140024,1.444492885453781,-0.0749497024329242
2018-03-05,0.018866652783851634,1,0,0.019045752642691705,1.472004339644262,-0.05733142328341323
2018-03-06,0.021989365393098054,1,0,0.02223291336743749,1.5047312846040648,-0.03637315448306777
2018-03-07,-0.008455967074738108,1,0,-0.00842031594418613,1.4920609717765976,-0.04448719697461978
2018-03-08,0.02206404936522198,1,0,0.022309260632766614,1.5253477488759406,-0.023170412813981245
2018-03-09,0.019764058474367307,1,0,0.01996066056039414,1.5557946975278145,-0.003672248998811245
2018-03-12,0.022174476906307007,1,0,0.022422157964019362,1.5906789719953671,0.0
2018-03-13,0.005802545281321663,1,0,0.005819412655979406,1.5999357893365973,0.0
2018-03-14,-0.022463466134010703,1,0,-0.02221304112147149,1.5643963498563496,-0.02221304112147149
2018-03-15,0.0032847866774609775,1,0,0.003290187501117981,1.5695435071734414,-0.018995938690613223
2018-03-16,0.005015395164771319,1,0,0.005027993311857104,1.5774351614301783,-0.014063456831444943
2018-03-19,-0.03307661601665773,1,0,-0.03253556652170653,1.5261124148017877,-0.04614146081788695
2018-03-20,-0.017472094261206734,1,0,-0.01732034231569968,1.4996796253651818,-0.06266261723727429
2018-03-21,-0.0053219275847883555,1,0,-0.005307791216872748,1.4917196390215455,-0.06763780836474875
2018-03-22,-0.01156236012510498,1,0,-0.011495772921434666,1.4745711687889094,-0.07835603240031874
2018-03-23,-0.02687623875532751,1,0,-0.026518286622176698,1.435468067890167,-0.10279645129672721
2018-03-26,-0.0007326641627321034,1,0,-0.0007323958298810496,1.4344167370633167,-0.10345355943435197
2018-03-27,0.01258001740505949,1,0,0.012659478682493397,1.4525757051679815,-0.0921037488821459
2018-03-28,-0.06003327277792124,1,0,-0.05826680101663384,1.3679387655933621,-0.1450039590897777
2018-03-29,0.009239504037404688,1,0,0.009282320019385448,1.3806364109825229,-0.13706761222274144
2018-04-02,0.016097788666405956,1,0,0.0162280561337238,1.4030414561602103,-0.12306389699428377
2018-04-03,-0.011224444351844673,1,0,-0.01116168530761219,1.387381148953016,-0.1328519818109174
2018-04-04,-0.017792588009070312,1,0,-0.01763523453895044,1.362914356996311,-0.14814434049166791
2018-04-05,0.04711774777153975,1,0,0.04824543037667528,1.4286687467161476,-0.10704619757988187
2018-04-06,-0.022508948990569128,1,0,-0.022257512654113024,1.396870134007577,-0.12692112813678602
2018-04-09,-0.0029953897988820345,1,0,-0.0029909080947920774,1.3926922238164006,-0.1295324268020337
2018-04-10,0.009969386632159431,1,0,0.010019246520159397,1.406645950533526,-0.12081099759835834
2018-04-11,0.0016874597814542363,1,0,0.0016888843428952693,1.4090216128553792,-0.11932614905775651
2018-04-12,-0.0005137259268182794,1,0,-0.0005135939922480404,1.408297947820069,-0.11977845785673036
2018-04-13,0.014838937482453322,1,0,0.014949581115822896,1.429351412226252,-0.1066195145125649
2018-04-16,-0.001280768999049253,1,0,-0.0012799491644783778,1.427521915080427,-0.1077629961185258
2018-04-17,0.014857187491347373,1,0,0.014968104123727288,1.4488892117442536,-0.09440789974138541
2018-04-18,0.016643666234095137,1,0,0.016782943669773953,1.4732058377687005,-0.07920939853495279
2018-04-19,-0.00930160369087907,1,0,-0.009258477592807512,1.4595661945301257,-0.08773451768628471
2018-04-20,0.01416460828865079,1,0,0.014265401690044976,1.4803874925883083,-0.07472068413311694
2018-04-23,-0.0011904857790837192,1,0,-0.001189777432008876,1.4786261609589986,-0.07582156058143996
2018-04-24,-0.02220262222081085,1,0,-0.021957958077858497,1.446158549703836,-0.0961146320106534
2018-04-25,-0.028197805605223312,1,0,-0.027803958046066835,1.4059496180599096,-0.12124622286068287
2018-04-26,0.00336405698698018,1,0,0.0033697217771304637,1.4106872771054344,-0.11828506712112086
2018-04-27,0.011853424341072831,1,0,0.011923954574819096,1.4275082481169148,-0.10777153831353348
2018-04-30,-0.010692609957475153,1,0,-0.010635647211211241,1.412325773998849,-0.11726096546383247
2018-05-01,-0.017672356350584454,1,0,-0.017517116093314966,1.3875858994541304,-0.13272400761190328
2018-05-02,0.01726620673219089,1,0,0.017416129301381034,1.4117522748957965,-0.11761941678848864
2018-05-03,-0.008381257898419177,1,0,-0.008346233075435139,1.3999694613647404,-0.12498397079721024
2018-05-04,-0.005633331659845969,1,0,-0.005617494200227613,1.3921051410350282,-0.12989936826636317
2018-05-07,0.033067908051471834,1,0,0.033620728027687896,1.438908729367713,-0.10064595157012712
2018-05-08,0.010129828702749762,1,0,0.010181309099887459,1.4535587039079318,-0.09148935001282754
2018-05-09,-0.0004885743709164462,1,0,-0.0004884550378936314,1.452848705836134,-0.09193311661679382
2018-05-10,0.028625014357186774,1,0,0.029038647398672568,1.4950374671285271,-0.06556408257581736
2018-05-11,0.0049285052606076974,1,0,0.0049406703196346324,1.502423954369111,-0.06094734277299907
2018-05-14,0.004678121702908528,1,0,0.004689081197527534,1.509468942284258,-0.05654404861450768
2018-05-15,-0.007872948916986096,1,0,-0.007842038426757346,1.4976316288348681,-0.06394266643922564
2018-05-16,-0.01082513978772635,1,0,-0.010766758812651878,1.4815069902970042,-0.07402096998448848
2018-05-17,-0.0010005003335835344,0,1,-0.0010000000000000009,1.480025483306707,-0.07494694901450405
2018-05-18,0.0,0,0,0.0,1.480025483306707,-0.07494694901450405
2018-05-21,0.0,0,0,0.0,1.480025483306707,-0.07494694901450405
2018-05-22,0.0,0,0,0.0,1.480025483306707,-0.07494694901450405
2018-05-23,-0.01933608998900706,1,1,-0.019150346909187935,1.4516824818669452,-0.09266203585027899
2018-05-24,0.01567098119433749,1,0,0.015794414953271163,1.4746109573659463,-0.07833116354164193
2018-05-25,-0.0003220455876787,1,0,-0.0003219937365647185,1.4741361418738048,-0.07862793513416844
2018-05-29,-0.00975712234088076,1,0,-0.009709676061134598,1.4598227574661993,-0.08757415941579438
2018-05-30,-0.0023447728548563556,1,0,-0.0023420260223048217,1.4564038145802607,-0.08971108447786591
2018-05-31,0.007905491539553357,1,0,0.007936822445445024,1.4679630330654532,-0.08248628298131
2018-06-01,0.028131079116855032,1,0,0.028530494454713562,1.5098447442400516,-0.0563091629657847
2018-06-04,0.022769346980512476,1,0,0.02303054724734488,1.5446172949584274,-0.034575446556581735
2018-06-05,0.014094351267595702,1,0,0.014194144927536234,1.5665418167006462,-0.020872070528404008
2018-06-06,-0.0016381986699087552,1,0,-0.00163685755490528,1.5639776108929047,-0.0224747634769783
2018-06-07,-0.007130040074325978,1,0,-0.007104681643264721,1.552866047870317,-0.029419769080731406
2018-06-08,-0.011749897230547599,1,0,-0.011681136761056532,1.5347268071935425,-0.04075724949567716
2018-06-11,-0.0010005003335835344,0,1,-0.0010000000000000009,1.5331920803863488,-0.04171649224618157
2018-06-12,0.0,0,0,0.0,1.5331920803863488,-0.04171649224618157
2018-06-13,0.0,0,0,0.0,1.5331920803863488,-0.04171649224618157
2018-06-14,0.0,0,0,0.0,1.5331920803863488,-0.04171649224618157
2018-06-15,0.0,0,0,0.0,1.5331920803863488,-0.04171649224618157
2018-06-18,0.0,0,0,0.0,1.5331920803863488,-0.04171649224618157
2018-06-19,0.0,0,0,0.0,1.5331920803863488,-0.04171649224618157
2018-06-20,0.0,0,0,0.0,1.5331920803863488,-0.04171649224618157
2018-06-21,0.0,0,0,0.0,1.5331920803863488,-0.04171649224618157
2018-06-22,0.0,0,0,0.0,1.5331920803863488,-0.04171649224618157
2018-06-25,0.0,0,0,0.0,1.5331920803863488,-0.04171649224618157
2018-06-26,0.0,0,0,0.0,1.5331920803863488,-0.04171649224618157
2018-06-27,0.0,0,0,0.0,1.5331920803863488,-0.04171649224618157
2018-06-28,0.0,0,0,0.0,1.5331920803863488,-0.04171649224618157
2018-06-29,0.0,0,0,0.0,1.5331920803863488,-0.04171649224618157
2018-07-02,0.0,0,0,0.0,1.5331920803863488,-0.04171649224618157
2018-07-03,0.029088769786774892,1,1,0.029515980332974756,1.578445747677705,-0.013431815077905696
2018-07-05,-0.021830110068060078,1,0,-0.021593557663763807,1.5443614884061037,-0.03473533206825574
2018-07-06,0.015152311880734938,1,0,0.015267690171104853,1.5679403211232745,-0.019997970185159475
2018-07-09,0.01584029770249558,1,0,0.01596642027787709,1.5929747152609581,-0.004350845903963174
2018-07-10,0.008575188099237,1,0,0.008612060344827643,1.6066935096365702,0.0
2018-07-11,-0.012358201057360966,1,0,-0.012282152089181597,1.586959855590513,-0.012282152089181597
2018-07-12,0.016511986633525603,1,0,0.01664906291276136,1.613381250066266,0.0
2018-07-13,0.02350323407683848,1,0,0.023781611729673413,1.6517500565272771,0.0
2018-07-16,0.0008393632653176558,1,0,0.0008397156292434538,1.6531370568653467,0.0
2018-07-17,-0.017657803969516883,1,0,-0.017502818523964403,1.624202498963792,-0.017502818523964403
2018-07-18,0.021570996845250868,1,0,0.0218053327172949,1.6596187748539593,0.0
2018-07-19,-0.0015568242023024168,1,0,-0.001555612980138843,1.6570370503457144,-0.001555612980138843
2018-07-20,-0.00615993032753052,1,0,-0.006140996852953329,1.6468611910343143,-0.007687056818676652
2018-07-23,-0.002989651869054959,1,0,-0.002985187310173054,1.6419450019052222,-0.010649296824381982
2018-07-24,0.06110562959463995,1,0,0.06301119369855934,1.7454059164626536,0.0
2018-07-25,-0.014566638428164167,1,0,-0.014461058221872491,1.7201654998838865,-0.014461058221872491
2018-07-26,0.011556647960346503,1,0,0.0116236840048205,1.7401601600905308,-0.0030054649881984252
2018-07-27,0.017165809428634632,1,0,0.017313988592816187,1.7702892732520115,0.0
2018-07-30,-0.03478408205946135,1,0,-0.03418606969943094,1.709770040768463,-0.034186069699431054
2018-07-31,-0.010772312979514555,1,0,-0.010714499397606048,1.6914507106966046,-0.04453428247383595
2018-08-01,-0.0010005003335835344,0,1,-0.0010000000000000009,1.689759259985908,-0.0454897481913622
2018-08-02,0.0,0,0,0.0,1.689759259985908,-0.0454897481913622
2018-08-03,0.0,0,0,0.0,1.689759259985908,-0.0454897481913622
2018-08-06,-0.003871729023287429,1,1,-0.00386424354417092,1.6832296186743043,-0.049178208269758716
2018-08-07,0.008341355396607054,1,0,0.008376241433013298,1.6973287563475192,-0.0412138953824559
2018-08-08,0.0037548612799903707,1,0,0.0037619196031828395,1.703713970669069,-0.03760701914023579
2018-08-09,0.004770898820461312,1,0,0.004782297678629144,1.7118616380360476,-0.03300456942194119
2018-08-10,-0.0028152696145305653,1,0,-0.0028113104592639715,1.707049063508224,-0.03572309378998584
2018-08-13,-0.00635770669302917,1,0,-0.006337539238053913,1.6962305730869576,-0.04183423651944096
2018-08-14,0.0010385023303779357,1,0,0.0010390417606400693,1.6979930274880695,-0.04083866227756905
2018-08-15,-0.00658448129418182,1,0,-0.006562851097804412,1.6868493520835552,-0.047133495315812124
2018-08-16,-0.001842148785213066,1,0,-0.0018404530705523614,1.6837447850139537,-0.048887201400184765
2018-08-17,-0.016193298545733686,1,0,-0.016062891940055057,1.6566989744776435,-0.0641648235068969
2018-08-20,-0.001129901425125495,1,0,-0.001129263326862251,1.6548281250821155,-0.06522162785169816
2018-08-21,0.0019315022274189566,1,0,0.0019333687794025334,1.6580275181144266,-0.06341435653132588
2018-08-22,-0.007221354708207506,1,0,-0.007195343376308672,1.6460974407942244,-0.07015341183740409
2018-08-23,0.00465062590462457,1,0,0.00466145684899133,1.6537706529837217,-0.06581897209050225
2018-08-24,0.005004340163554906,1,0,0.005016882787582055,1.6620674265072841,-0.061132295371097434
2018-08-27,0.014687702720242416,1,0,0.014796097063621394,1.6866595374761695,-0.04724071768350868
2018-08-28,0.009407925917483361,1,0,0.009452319560672606,1.7026023824144505,-0.03823493248265608
2018-08-29,-0.0017173939015818383,1,1,-0.0017159200245384643,1.6996808528926386,-0.03988524442091068
