candidate,params,fold,accuracy,balanced_accuracy,precision_up,recall_up,f1_up,roc_auc,average_precision,brier_loss,log_loss,predicted_up_share
prior_baseline,{},1,0.537117903930131,0.5,0.537117903930131,1.0,0.6988636363636364,0.5,0.537117903930131,0.2487028903974404,0.6905510554192618,1.0
prior_baseline,{},2,0.5240174672489083,0.5,0.5240174672489083,1.0,0.6876790830945558,0.5,0.5240174672489083,0.24946434320337454,0.6920756882920567,1.0
prior_baseline,{},3,0.519650655021834,0.5,0.519650655021834,1.0,0.6839080459770115,0.5,0.519650655021834,0.24968869556836185,0.6925247631313737,1.0
prior_baseline,{},4,0.5021834061135371,0.5,0.5021834061135371,1.0,0.6686046511627907,0.5,0.5021834061135371,0.25062272067650704,0.6943945907957795,1.0
logistic_compact,"{""model__C"": 0.1}",1,0.4890829694323144,0.4676714219972388,0.5166666666666667,0.7560975609756098,0.6138613861386139,0.4667893848749808,0.5326493818425029,0.25205539366682395,0.6973159191405417,0.7860262008733624
logistic_compact,"{""model__C"": 0.1}",2,0.5152838427947598,0.5097477064220184,0.5319148936170213,0.625,0.5747126436781609,0.47515290519877673,0.5125883117452801,0.2521745084956494,0.697525286208013,0.6157205240174672
logistic_compact,"{""model__C"": 0.1}",3,0.5240174672489083,0.5079831932773109,0.5240384615384616,0.9159663865546218,0.6666666666666666,0.5250572956455308,0.5566276276266762,0.25007576039519946,0.6934993084952036,0.9082969432314411
logistic_compact,"{""model__C"": 0.1}",4,0.49344978165938863,0.49138062547673533,0.4977578475336323,0.9652173913043478,0.6568047337278107,0.49435545385202134,0.5081588583829207,0.2516768095753152,0.6965179953936563,0.9737991266375546
logistic_compact,"{""model__C"": 1.0}",1,0.4759825327510917,0.4600398834177021,0.50920245398773,0.6747967479674797,0.5804195804195804,0.46648258935419545,0.5368049927600372,0.2537830792676496,0.7009633780447102,0.7117903930131004
logistic_compact,"{""model__C"": 1.0}",2,0.519650655021834,0.5147553516819572,0.5362318840579711,0.6166666666666667,0.5736434108527132,0.4730122324159022,0.5108557319617648,0.25274647832013186,0.6986813008476175,0.6026200873362445
logistic_compact,"{""model__C"": 1.0}",3,0.5283842794759825,0.5128724216959512,0.526829268292683,0.907563025210084,0.6666666666666666,0.5241405653170359,0.5586275285995684,0.2501577708657013,0.6937023137463647,0.8951965065502183
logistic_compact,"{""model__C"": 1.0}",4,0.49344978165938863,0.49138062547673533,0.4977578475336323,0.9652173913043478,0.6568047337278107,0.49374523264683445,0.5066492562310093,0.2517267315707207,0.6966204109215166,0.9737991266375546
logistic_full,"{""model__C"": 0.1}",1,0.5152838427947598,0.5122718208314159,0.5483870967741935,0.5528455284552846,0.5506072874493927,0.5098174566651327,0.5500626201990867,0.2610469659839613,0.7205012263678746,0.5414847161572053
logistic_full,"{""model__C"": 0.1}",2,0.4847161572052402,0.4801605504587156,0.5073529411764706,0.575,0.5390625,0.46704892966360856,0.5014648356929391,0.25682776150063397,0.7071248379735586,0.5938864628820961
logistic_full,"{""model__C"": 0.1}",3,0.4978165938864629,0.4913674560733384,0.5131578947368421,0.6554621848739496,0.5756457564575646,0.45981665393430105,0.48008331655026315,0.26036407379753096,0.7153629559965287,0.6637554585152838
logistic_full,"{""model__C"": 0.1}",4,0.5240174672489083,0.5233409610983981,0.52,0.6782608695652174,0.5886792452830188,0.548970251716247,0.547216729872332,0.24981391484491167,0.6929150813587109,0.6550218340611353
logistic_full,"{""model__C"": 1.0}",1,0.5327510917030568,0.5311397453597178,0.5666666666666667,0.5528455284552846,0.5596707818930041,0.5313698420003068,0.5643901816637716,0.2638206936751348,0.7307952563389497,0.5240174672489083
logistic_full,"{""model__C"": 1.0}",2,0.5109170305676856,0.5051605504587156,0.528169014084507,0.625,0.5725190839694656,0.4963302752293578,0.5153440796216604,0.2567734477257155,0.7075265481804498,0.6200873362445415
logistic_full,"{""model__C"": 1.0}",3,0.5240174672489083,0.5186401833460657,0.5342465753424658,0.6554621848739496,0.5886792452830188,0.46730328495034384,0.47773103811595086,0.26344621899436094,0.7240789521429772,0.6375545851528385
logistic_full,"{""model__C"": 1.0}",4,0.519650655021834,0.5193363844393593,0.5190839694656488,0.591304347826087,0.5528455284552846,0.5385202135774217,0.5451083996780308,0.2509300962666203,0.6953322774478484,0.5720524017467249
logistic_top8,"{""model__C"": 0.1}",1,0.49344978165938863,0.4886869151710385,0.5271317829457365,0.5528455284552846,0.5396825396825397,0.4697806412026385,0.5208380810651185,0.268087209437046,0.7359884510749893,0.5633187772925764
logistic_top8,"{""model__C"": 0.1}",2,0.45414847161572053,0.45477828746177373,0.4774774774774775,0.44166666666666665,0.4588744588744589,0.4434250764525994,0.46966972449140354,0.26063612636299627,0.7150172981334947,0.4847161572052402
logistic_top8,"{""model__C"": 0.1}",3,0.5021834061135371,0.503475935828877,0.5233644859813084,0.47058823529411764,0.49557522123893805,0.4662337662337662,0.4877600813135478,0.2569554379296879,0.7078908216186385,0.4672489082969432
logistic_top8,"{""model__C"": 0.1}",4,0.5065502183406113,0.5049199084668192,0.505,0.8782608695652174,0.6412698412698413,0.5552250190694127,0.551283931880917,0.24984975356900763,0.6928617258948657,0.8733624454148472
logistic_top8,"{""model__C"": 1.0}",1,0.4847161572052402,0.48186071483356346,0.5203252032520326,0.5203252032520326,0.5203252032520326,0.4717748120877435,0.5215392852743831,0.2727152822992663,0.7477313610203085,0.537117903930131
logistic_top8,"{""model__C"": 1.0}",2,0.4759825327510917,0.4760321100917431,0.5,0.475,0.48717948717948717,0.44373088685015294,0.47019739665041715,0.2616362114610818,0.717173521934411,0.4978165938864629
logistic_top8,"{""model__C"": 1.0}",3,0.49344978165938863,0.4954163483575248,0.5145631067961165,0.44537815126050423,0.4774774774774775,0.4652406417112299,0.48679242374717047,0.2582238518202642,0.7109208115816211,0.4497816593886463
logistic_top8,"{""model__C"": 1.0}",4,0.4978165938864629,0.4963768115942029,0.5,0.8260869565217391,0.6229508196721312,0.5420289855072463,0.5477277814984253,0.25034473653500844,0.6938532642966386,0.8296943231441049
random_forest,"{""model__max_depth"": 3}",1,0.5021834061135371,0.49160147261849974,0.5306122448979592,0.6341463414634146,0.5777777777777777,0.5106611443472926,0.580410736423125,0.25859771600410486,0.7110222774731702,0.6419213973799127
random_forest,"{""model__max_depth"": 3}",2,0.4672489082969432,0.46896024464831804,0.49056603773584906,0.43333333333333335,0.46017699115044247,0.4659021406727828,0.48938623245754465,0.2582412843049983,0.7100896741347172,0.462882096069869
random_forest,"{""model__max_depth"": 3}",3,0.49344978165938863,0.48338426279602753,0.5086705202312138,0.7394957983193278,0.6027397260273972,0.4769289533995416,0.5026245786137621,0.25185732687186957,0.6968953867484469,0.7554585152838428
random_forest,"{""model__max_depth"": 3}",4,0.4847161572052402,0.4835240274599542,0.4915254237288136,0.7565217391304347,0.5958904109589042,0.5672768878718536,0.5921669238157733,0.246509279439972,0.6860233977591551,0.7729257641921398
random_forest,"{""model__max_depth"": 6}",1,0.49344978165938863,0.48281945083601774,0.5238095238095238,0.6260162601626016,0.5703703703703704,0.5100475533057217,0.5800201284487141,0.25947292105585285,0.712982346301324,0.6419213973799127
random_forest,"{""model__max_depth"": 6}",2,0.462882096069869,0.4652140672782875,0.4854368932038835,0.4166666666666667,0.4484304932735426,0.44900611620795106,0.47822233245532625,0.26323717168586197,0.7203982534321666,0.4497816593886463
random_forest,"{""model__max_depth"": 6}",3,0.49344978165938863,0.48235294117647054,0.5083798882681564,0.7647058823529411,0.610738255033557,0.4705118411000765,0.4974780083939834,0.254528177156464,0.702369140048091,0.7816593886462883
random_forest,"{""model__max_depth"": 6}",4,0.4672489082969432,0.4664378337147216,0.47770700636942676,0.6521739130434783,0.5514705882352942,0.5325705568268497,0.5711198089090304,0.2498746336170006,0.6927025809406537,0.6855895196506551
extra_trees,"{""model__max_depth"": 3}",1,0.5065502183406113,0.4943626323055683,0.5328947368421053,0.6585365853658537,0.5890909090909091,0.5324436263230556,0.5805297985804254,0.24825758990532823,0.6896245906381445,0.6637554585152838
extra_trees,"{""model__max_depth"": 3}",2,0.43231441048034935,0.427217125382263,0.463768115942029,0.5333333333333333,0.49612403100775193,0.4390672782874618,0.47818484927040766,0.25466095178077847,0.7025969188565698,0.6026200873362445
extra_trees,"{""model__max_depth"": 3}",3,0.5109170305676856,0.4919404125286478,0.5155555555555555,0.9747899159663865,0.6744186046511628,0.4891520244461421,0.5247942143239976,0.25007814070761725,0.6933069645906693,0.982532751091703
extra_trees,"{""model__max_depth"": 3}",4,0.5021834061135371,0.5000381388253242,0.5022026431718062,0.991304347826087,0.6666666666666666,0.540884820747521,0.5652527008539405,0.24922258660401578,0.6915513323318164,0.9912663755458515
extra_trees,"{""model__max_depth"": 6}",1,0.519650655021834,0.5072096947384568,0.5424836601307189,0.6747967479674797,0.6014492753623188,0.5269980058291149,0.5766370812391433,0.2495329763350219,0.6922011999311413,0.6681222707423581
extra_trees,"{""model__max_depth"": 6}",2,0.4585152838427948,0.4585244648318043,0.4824561403508772,0.4583333333333333,0.4700854700854701,0.4422018348623853,0.4773952512339496,0.2576448119847291,0.7087273134375838,0.4978165938864629
extra_trees,"{""model__max_depth"": 6}",3,0.5021834061135371,0.4880061115355233,0.5126903553299492,0.8487394957983193,0.6392405063291139,0.5117647058823529,0.5351703706780511,0.25028220754294295,0.6937206171359206,0.8602620087336245
extra_trees,"{""model__max_depth"": 6}",4,0.49344978165938863,0.4920289855072464,0.4973544973544973,0.8173913043478261,0.618421052631579,0.5128909229595728,0.5441501665809042,0.25052533148427786,0.6941391542510764,0.8253275109170306
hist_boost,"{""model__max_leaf_nodes"": 7}",1,0.48034934497816595,0.47518791225648105,0.5153846153846153,0.5447154471544715,0.5296442687747036,0.48297284859641054,0.5612317396116717,0.29882547313928126,0.8111096092327464,0.5676855895196506
hist_boost,"{""model__max_leaf_nodes"": 7}",2,0.4759825327510917,0.4806574923547401,0.5,0.38333333333333336,0.4339622641509434,0.48425076452599386,0.5015102442326906,0.2731330151888405,0.7453064170538406,0.4017467248908297
hist_boost,"{""model__max_leaf_nodes"": 7}",3,0.44541484716157204,0.43544690603514136,0.47674418604651164,0.6890756302521008,0.563573883161512,0.44415584415584414,0.48561862016597723,0.2670218132162853,0.7288124197999534,0.7510917030567685
hist_boost,"{""model__max_leaf_nodes"": 7}",4,0.49344978165938863,0.49321128909229595,0.49606299212598426,0.5478260869565217,0.5206611570247934,0.5051868802440885,0.5622324621653071,0.25687310745560676,0.7068016146780207,0.5545851528384279
hist_boost,"{""model__max_leaf_nodes"": 15}",1,0.5109170305676856,0.5042951372909956,0.5407407407407407,0.5934959349593496,0.5658914728682171,0.4893388556527075,0.5652989761719821,0.30050774606246416,0.8214819784137491,0.5895196506550219
hist_boost,"{""model__max_leaf_nodes"": 15}",2,0.49344978165938863,0.498585626911315,0.5222222222222223,0.39166666666666666,0.44761904761904764,0.517737003058104,0.5159859301145815,0.2788725215988892,0.7630395390890156,0.3930131004366812
hist_boost,"{""model__max_leaf_nodes"": 15}",3,0.4890829694323144,0.482620320855615,0.506578947368421,0.6470588235294118,0.5682656826568265,0.46455309396485867,0.4997138493975908,0.2783724808429447,0.757302748068371,0.6637554585152838
hist_boost,"{""model__max_leaf_nodes"": 15}",4,0.49344978165938863,0.49294431731502675,0.49645390070921985,0.6086956521739131,0.546875,0.5012204424103738,0.5504807665783165,0.2701267713656977,0.7364896956520471,0.6157205240174672
gradient_boost,"{""model__max_depth"": 1}",1,0.5152838427947598,0.5044485350513882,0.5405405405405406,0.6504065040650406,0.5904059040590406,0.49432428286547014,0.5422352024547817,0.2579202718866599,0.7099607886239861,0.6462882096069869
gradient_boost,"{""model__max_depth"": 1}",2,0.5065502183406113,0.5047782874617737,0.5284552845528455,0.5416666666666666,0.5349794238683128,0.4819571865443425,0.5060337983673472,0.25404867544790094,0.7013882692008928,0.537117903930131
gradient_boost,"{""model__max_depth"": 1}",3,0.537117903930131,0.5223071046600458,0.5323383084577115,0.8991596638655462,0.66875,0.4760504201680672,0.4939041835656097,0.2512812964232345,0.6957521252333276,0.8777292576419214
gradient_boost,"{""model__max_depth"": 1}",4,0.5676855895196506,0.5663996948893975,0.5439560439560439,0.8608695652173913,0.6666666666666666,0.6022501906941267,0.5894600719852392,0.24528929755484666,0.6835626793260214,0.7947598253275109
gradient_boost,"{""model__max_depth"": 2}",1,0.5065502183406113,0.4995781561589201,0.5367647058823529,0.5934959349593496,0.5637065637065637,0.5074781408191441,0.5675384724913128,0.2649703993193558,0.7259687686173547,0.5938864628820961
gradient_boost,"{""model__max_depth"": 2}",2,0.4759825327510917,0.47645259938837925,0.5,0.4666666666666667,0.4827586206896552,0.471980122324159,0.4941104420006581,0.2601258083567469,0.7142548270025821,0.4890829694323144
gradient_boost,"{""model__max_depth"": 2}",3,0.45414847161572053,0.4431627196333079,0.48314606741573035,0.7226890756302521,0.5791245791245792,0.4299465240641711,0.48059950515144884,0.2571079335797523,0.7075301476785628,0.777292576419214
gradient_boost,"{""model__max_depth"": 2}",4,0.4978165938864629,0.49717772692601064,0.5,0.6434782608695652,0.5627376425855514,0.5612890922959574,0.5801851932105636,0.2460585202497817,0.6849516689189008,0.6462882096069869
knn,"{""model__n_neighbors"": 25}",1,0.5633187772925764,0.5589430894308943,0.5891472868217055,0.6178861788617886,0.6031746031746031,0.5802270286853812,0.5939563763891953,0.24488986700072116,0.6829234274675337,0.5633187772925764
knn,"{""model__n_neighbors"": 25}",2,0.5283842794759825,0.5230886850152905,0.5428571428571428,0.6333333333333333,0.5846153846153846,0.5043577981651377,0.524639923004931,0.2559453955909351,0.7058397792782202,0.611353711790393
knn,"{""model__n_neighbors"": 25}",3,0.4847161572052402,0.4791061879297174,0.5034013605442177,0.6218487394957983,0.556390977443609,0.4576776165011459,0.5124026737976868,0.26159284816533174,0.7171038536091328,0.6419213973799127
knn,"{""model__n_neighbors"": 25}",4,0.5065502183406113,0.5058733790999237,0.5066666666666667,0.6608695652173913,0.5735849056603773,0.5378337147215866,0.5570269047378852,0.2536405580587791,0.7009596748281819,0.6550218340611353
knn,"{""model__n_neighbors"": 55}",1,0.5502183406113537,0.5356649792913023,0.5625,0.7317073170731707,0.6360424028268551,0.5413406964258322,0.5641553520103448,0.24767613650726195,0.6885041304825728,0.6986899563318777
knn,"{""model__n_neighbors"": 55}",2,0.5327510917030568,0.521368501529052,0.5384615384615384,0.7583333333333333,0.629757785467128,0.5092507645259939,0.5426996209243412,0.2516773295901889,0.6965508768564335,0.7379912663755459
knn,"{""model__n_neighbors"": 55}",3,0.49344978165938863,0.4806340718105424,0.5079365079365079,0.8067226890756303,0.6233766233766234,0.5000763941940413,0.5579455924887451,0.251528213494679,0.6961659031573196,0.8253275109170306
knn,"{""model__n_neighbors"": 55}",4,0.49344978165938863,0.4923340961098398,0.49710982658959535,0.7478260869565218,0.5972222222222222,0.5305873379099924,0.5289777097960358,0.25256548058237854,0.6985334719782635,0.7554585152838428
naive_bayes,"{""model__var_smoothing"": 1e-06}",1,0.5152838427947598,0.5344377972081608,0.6071428571428571,0.2764227642276423,0.37988826815642457,0.5318300352814849,0.5816579835688813,0.2897087797651566,0.860944991182091,0.2445414847161572
naive_bayes,"{""model__var_smoothing"": 1e-06}",2,0.462882096069869,0.47740825688073396,0.4666666666666667,0.175,0.2545454545454545,0.44235474006116204,0.4822294818681714,0.30138369497680195,0.9566204609104778,0.1965065502183406
naive_bayes,"{""model__var_smoothing"": 1e-06}",3,0.4890829694323144,0.49602750190985484,0.5135135135135135,0.31932773109243695,0.39378238341968913,0.4983193277310924,0.5174803492383011,0.26255112055180074,0.7919928043295903,0.3231441048034934
naive_bayes,"{""model__var_smoothing"": 1e-06}",4,0.4890829694323144,0.4875286041189931,0.49489795918367346,0.8434782608695652,0.6237942122186495,0.5073226544622426,0.4980194278731572,0.2606155882346038,0.7237040998013663,0.8558951965065502
naive_bayes,"{""model__var_smoothing"": 0.01}",1,0.519650655021834,0.5391547783402363,0.6181818181818182,0.2764227642276423,0.38202247191011235,0.5318300352814849,0.5816173786385774,0.2890967463714409,0.8558968724190886,0.24017467248908297
naive_bayes,"{""model__var_smoothing"": 0.01}",2,0.462882096069869,0.47740825688073396,0.4666666666666667,0.175,0.2545454545454545,0.4428134556574923,0.48250282898177665,0.300629990531372,0.9517067257950902,0.1965065502183406
naive_bayes,"{""model__var_smoothing"": 0.01}",3,0.4890829694323144,0.49602750190985484,0.5135135135135135,0.31932773109243695,0.39378238341968913,0.49870129870129865,0.5176462699643775,0.26225460470703005,0.7912200867531944,0.3231441048034934
naive_bayes,"{""model__var_smoothing"": 0.01}",4,0.4890829694323144,0.4875286041189931,0.49489795918367346,0.8434782608695652,0.6237942122186495,0.5079328756674295,0.49865826325646745,0.2604600212401251,0.723000359329565,0.8558951965065502
